{
    "id": "pull-the-other-one",
    "name": "pull-the-other-one",
    "title": "Pull the Other One",
    "description": "This is specifically a Mini Puzzle dungeon I created for my players.
If you use it, give me a shout-out on how it went.

1)	Created by Dr. Feargood using Dungeon Alchemist and Photoshop.
2)	Free Stone door sound from Freesound - Freesound, and purchased lightbulb image.
3)	Puzzle idea from AAW Games: Acanthus’s Conundrums #14: Puzzles & Riddles for RPGs - AAW Games (adventureaweek.com)",
    "version": "1.0.0",
    "authors": [
        {
            "name": "Dr. Feargood",
            "discord": "dr.feargood",
            "url": ""
        }
    ],
    "minimumCoreVersion": "0.10.291",
    "compatibleCoreVersion": "10",
    "compatibility": {
        "minimum": "0.10.291",
        "verified": "10"
    },
    "packs": [
        {
            "name": "Adventure",
            "label": "Adventure",
            "path": "./packs/pull-the-other-one.db",
            "entity": "Adventure",
            "type": "Adventure"
        }
    ],
    "manifest": "https://raw.githubusercontent.com/Dr-Feargood/pull-the-other-one/main/module.json",
    "download": "https://github.com/Dr-Feargood/pull-the-other-one/raw/main/pull-the-other-one.zip"
}
